"eb3b0a2","Harry","2026-09-28","Add sound-based information design prototype"
"2602dda","Harry","2026-09-27","prototype 4"
"e217c56","Harry","2026-09-26","."
"cdbbd93","Harry","2026-09-22","Create commit_history.csv"
"70b092b","Harry","2026-09-10","fixed he branch"
"eeb2ade","Harry","2026-09-10","works"
"5f0b01a","Harry","2026-09-10","saved the files"
"ab4890d","Harry","2026-09-03","j"
"97a611c","Harry","2026-09-02","made some changes"
"3bdae10","Harry","2026-08-27","added play sound button"
"a5d64f8","Harry","2026-08-20","done some work on hover press and decided the note playing and added a not button."
"3e8a197","Harry","2026-08-18","fixed make sound button, removed the second button"
"f7e2b62","Harry","2026-08-13","done some changes"
"485ae19","Harry","2026-08-13","made changes"
"4fdf30e","Harry","2026-07-30","sound  test"
"c7b98eb","Harry","2026-07-30","project innit"